"","T1","T2","O1","O2","support","confidence","lift","rulecount"
"1","ARTHRITISR",NA,"UPPERSUM",NA,0.0954828150572831,0.137451701064933,0.210970130000688,"<{ARTHRITISR}> => <{UPPERSUM}>"
"2","CANCERR",NA,"UPPERSUM",NA,0.0224549918166939,0.104128718882817,0.159823772200064,"<{CANCERR}> => <{UPPERSUM}>"
"3","COPDR",NA,"UPPERSUM",NA,0.0197054009819967,0.113392352608778,0.174042221272013,"<{COPDR}> => <{UPPERSUM}>"
"4","DIABETESR",NA,"UPPERSUM",NA,0.0348281505728314,0.123908233376034,0.190182703458492,"<{DIABETESR}> => <{UPPERSUM}>"
"5","HEARTR",NA,"UPPERSUM",NA,0.0461865793780687,0.12145992941379,0.186424881611299,"<{HEARTR}> => <{UPPERSUM}>"
"6","HYPERR",NA,"UPPERSUM",NA,0.0961702127659574,0.135466617484323,0.2079232899993,"<{HYPERR}> => <{UPPERSUM}>"
"8","LOWERSUM",NA,"UPPERSUM",NA,0.126350245499182,0.149809826903672,0.229938214022667,"<{LOWERSUM}> => <{UPPERSUM}>"
"9","PSYCHR",NA,"UPPERSUM",NA,0.0278887070376432,0.111649849298912,0.171367709811182,"<{PSYCHR}> => <{UPPERSUM}>"
"10","STROKER",NA,"UPPERSUM",NA,0.0277250409165303,0.130287648054145,0.199974258845164,"<{STROKER}> => <{UPPERSUM}>"
"11","STRONGSUM",NA,"UPPERSUM",NA,0.118363338788871,0.143071931629342,0.219596438468469,"<{STRONGSUM}> => <{UPPERSUM}>"
"12","STRONGSUM;ARTHRITISR",NA,"UPPERSUM",NA,0.0469394435351882,0.14390366281987,0.220873035527885,"<{STRONGSUM,ARTHRITISR}> => <{UPPERSUM}>"
"13","STRONGSUM;DIABETESR",NA,"UPPERSUM",NA,0.0136497545008183,0.131878557874763,0.202416094406853,"<{STRONGSUM,DIABETESR}> => <{UPPERSUM}>"
"14","STRONGSUM;HEARTR",NA,"UPPERSUM",NA,0.0191489361702128,0.1366184026156,0.209691127406882,"<{STRONGSUM,HEARTR}> => <{UPPERSUM}>"
"15","STRONGSUM;HYPERR",NA,"UPPERSUM",NA,0.0401963993453355,0.139102854553693,0.213504431602458,"<{STRONGSUM,HYPERR}> => <{UPPERSUM}>"
"16","STRONGSUM;ARTHRITISR;HYPERR",NA,"UPPERSUM",NA,0.0209819967266776,0.137082976903336,0.210404187318977,"<{STRONGSUM,ARTHRITISR,HYPERR}> => <{UPPERSUM}>"
"17","STRONGSUM;HEARTR;HYPERR",NA,"UPPERSUM",NA,0.0109328968903437,0.131289308176101,0.201511674275516,"<{STRONGSUM,HEARTR,HYPERR}> => <{UPPERSUM}>"
"18","LOWERSUM;STRONGSUM",NA,"UPPERSUM",NA,0.0714893617021277,0.141340926740875,0.216939575559372,"<{LOWERSUM,STRONGSUM}> => <{UPPERSUM}>"
"19","LOWERSUM;STRONGSUM;ARTHRITISR",NA,"UPPERSUM",NA,0.0364320785597381,0.140903911887581,0.216268815723754,"<{LOWERSUM,STRONGSUM,ARTHRITISR}> => <{UPPERSUM}>"
"20","LOWERSUM;STRONGSUM;DIABETESR",NA,"UPPERSUM",NA,0.0103436988543372,0.121258633921719,0.186115919730131,"<{LOWERSUM,STRONGSUM,DIABETESR}> => <{UPPERSUM}>"
"21","LOWERSUM;STRONGSUM;HEARTR",NA,"UPPERSUM",NA,0.0138788870703764,0.125741399762752,0.192996370717046,"<{LOWERSUM,STRONGSUM,HEARTR}> => <{UPPERSUM}>"
"22","LOWERSUM;STRONGSUM;HYPERR",NA,"UPPERSUM",NA,0.0303436988543372,0.132485350864656,0.203347441163347,"<{LOWERSUM,STRONGSUM,HYPERR}> => <{UPPERSUM}>"
"23","PSYCHR;STRONGSUM",NA,"UPPERSUM",NA,0.0127659574468085,0.124085268851416,0.19045442943181,"<{PSYCHR,STRONGSUM}> => <{UPPERSUM}>"
"24","STROKER;STRONGSUM",NA,"UPPERSUM",NA,0.0108674304418985,0.134249898908209,0.206055788366448,"<{STROKER,STRONGSUM}> => <{UPPERSUM}>"
"25","ARTHRITISR","STRONGSUM","UPPERSUM",NA,0.0123076923076923,0.139828932688732,0.214618865235167,"<{ARTHRITISR},{STRONGSUM}> => <{UPPERSUM}>"
"26","HYPERR","STRONGSUM","UPPERSUM",NA,0.0148281505728314,0.138701775872627,0.212888829024757,"<{HYPERR},{STRONGSUM}> => <{UPPERSUM}>"
"27","LOWERSUM","STRONGSUM","UPPERSUM",NA,0.0146644844517185,0.137212863705972,0.210603546333273,"<{LOWERSUM},{STRONGSUM}> => <{UPPERSUM}>"
"28","STROKER;HEARTR",NA,"UPPERSUM",NA,0.0187888707037643,0.17732468334878,0.27216986918736,"<{STROKER,HEARTR}> => <{UPPERSUM}>"
"29","STROKER;HYPERR",NA,"UPPERSUM",NA,0.0128968903436989,0.160032493907392,0.245628651973012,"<{STROKER,HYPERR}> => <{UPPERSUM}>"
"30","LOWERSUM;STROKER",NA,"UPPERSUM",NA,0.0114893617021277,0.142624949207639,0.218910379737408,"<{LOWERSUM,STROKER}> => <{UPPERSUM}>"
"31","PSYCHR;ARTHRITISR",NA,"UPPERSUM",NA,0.0109656301145663,0.131115459882583,0.201244840203623,"<{PSYCHR,ARTHRITISR}> => <{UPPERSUM}>"
"32","PSYCHR;HYPERR",NA,"UPPERSUM",NA,0.0116530278232406,0.142115768463074,0.218128854830532,"<{PSYCHR,HYPERR}> => <{UPPERSUM}>"
"33","LOWERSUM;PSYCHR",NA,"UPPERSUM",NA,0.013911620294599,0.131987577639752,0.202583425286094,"<{LOWERSUM,PSYCHR}> => <{UPPERSUM}>"
"34","LOWERSUM;ARTHRITISR",NA,"UPPERSUM",NA,0.0499181669394435,0.150885524883744,0.231589267745095,"<{LOWERSUM,ARTHRITISR}> => <{UPPERSUM}>"
"35","LOWERSUM;DIABETESR",NA,"UPPERSUM",NA,0.015810147299509,0.14469742360695,0.222091353054277,"<{LOWERSUM,DIABETESR}> => <{UPPERSUM}>"
"36","LOWERSUM;HEARTR",NA,"UPPERSUM",NA,0.0210474631751227,0.146036793095617,0.22414710756989,"<{LOWERSUM,HEARTR}> => <{UPPERSUM}>"
"37","LOWERSUM;ARTHRITISR;HEARTR",NA,"UPPERSUM",NA,0.0100818330605565,0.135028496273564,0.207250832051718,"<{LOWERSUM,ARTHRITISR,HEARTR}> => <{UPPERSUM}>"
"38","LOWERSUM;HYPERR",NA,"UPPERSUM",NA,0.0454337152209493,0.149119037387194,0.228877943738885,"<{LOWERSUM,HYPERR}> => <{UPPERSUM}>"
"39","LOWERSUM;ARTHRITISR;HYPERR",NA,"UPPERSUM",NA,0.0227823240589198,0.144368388301182,0.221586327502066,"<{LOWERSUM,ARTHRITISR,HYPERR}> => <{UPPERSUM}>"
"40","LOWERSUM;DIABETESR;HYPERR",NA,"UPPERSUM",NA,0.0100490998363339,0.135481023830538,0.207945401829931,"<{LOWERSUM,DIABETESR,HYPERR}> => <{UPPERSUM}>"
"41","LOWERSUM;HEARTR;HYPERR",NA,"UPPERSUM",NA,0.0120785597381342,0.139350453172205,0.213884462641222,"<{LOWERSUM,HEARTR,HYPERR}> => <{UPPERSUM}>"
"42","ARTHRITISR","LOWERSUM","UPPERSUM",NA,0.0119476268412439,0.146116893514812,0.224270051089103,"<{ARTHRITISR},{LOWERSUM}> => <{UPPERSUM}>"
"43","HYPERR","LOWERSUM","UPPERSUM",NA,0.0151227495908347,0.144329896907216,0.221527248317698,"<{HYPERR},{LOWERSUM}> => <{UPPERSUM}>"
"44","STRONGSUM","LOWERSUM","UPPERSUM",NA,0.0115548281505728,0.135821469796075,0.208467941231416,"<{STRONGSUM},{LOWERSUM}> => <{UPPERSUM}>"
"45","ARTHRITISR;HYPERR",NA,"UPPERSUM",NA,0.0342062193126023,0.152800116976166,0.234527912661871,"<{ARTHRITISR,HYPERR}> => <{UPPERSUM}>"
"46","DIABETESR;HYPERR",NA,"UPPERSUM",NA,0.0172504091653028,0.149122807017544,0.228883729621481,"<{DIABETESR,HYPERR}> => <{UPPERSUM}>"
"47","HEARTR;HYPERR",NA,"UPPERSUM",NA,0.0197708674304419,0.144290492116579,0.221466767190589,"<{HEARTR,HYPERR}> => <{UPPERSUM}>"
"48","ARTHRITISR;HEARTR",NA,"UPPERSUM",NA,0.0146317512274959,0.137580794090489,0.21116827067245,"<{ARTHRITISR,HEARTR}> => <{UPPERSUM}>"
"49","ARTHRITISR;DIABETESR",NA,"UPPERSUM",NA,0.0118494271685761,0.148239148239148,0.227527430602189,"<{ARTHRITISR,DIABETESR}> => <{UPPERSUM}>"
"50","LOWERSUM","ARTHRITISR","UPPERSUM",NA,0.0114238952536825,0.104899308686504,0.161006525340269,"<{LOWERSUM},{ARTHRITISR}> => <{UPPERSUM}>"
"51","STRONGSUM","ARTHRITISR","UPPERSUM",NA,0.0104418985270049,0.100219918316054,0.153824281780318,"<{STRONGSUM},{ARTHRITISR}> => <{UPPERSUM}>"
"68","ARTHRITISR",NA,"STRONGSUM",NA,0.0880196399345336,0.126708133069456,0.153158719050087,"<{ARTHRITISR}> => <{STRONGSUM}>"
"69","CANCERR",NA,"STRONGSUM",NA,0.0233715220949264,0.108378870673953,0.131003185055363,"<{CANCERR}> => <{STRONGSUM}>"
"71","DIABETESR",NA,"STRONGSUM",NA,0.0314566284779051,0.111913357400722,0.1352755032283,"<{DIABETESR}> => <{STRONGSUM}>"
"72","HEARTR",NA,"STRONGSUM",NA,0.046088379705401,0.121201687182577,0.146502791146148,"<{HEARTR}> => <{STRONGSUM}>"
"73","HYPERR",NA,"STRONGSUM",NA,0.106906710310966,0.150590188122464,0.182026202704015,"<{HYPERR}> => <{STRONGSUM}>"
"75","LOWERSUM",NA,"STRONGSUM",NA,0.106873977086743,0.126717379492354,0.153169895682972,"<{LOWERSUM}> => <{STRONGSUM}>"
"77","STROKER",NA,"STRONGSUM",NA,0.032962356792144,0.154899246269805,0.187234785690533,"<{STROKER}> => <{STRONGSUM}>"
"80","UPPERSUM;HEARTR",NA,"STRONGSUM",NA,0.0134533551554828,0.11195859438845,0.135330183531184,"<{UPPERSUM,HEARTR}> => <{STRONGSUM}>"
"81","UPPERSUM;HYPERR",NA,"STRONGSUM",NA,0.0222258592471358,0.108831543516589,0.131550354294207,"<{UPPERSUM,HYPERR}> => <{STRONGSUM}>"
"83","STROKER;UPPERSUM",NA,"STRONGSUM",NA,0.0118166939443535,0.150416666666667,0.181816458283875,"<{STROKER,UPPERSUM}> => <{STRONGSUM}>"
"84","STROKER;UPPERSUM;HEARTR",NA,"STRONGSUM",NA,0.0102127659574468,0.193788819875776,0.234242638569477,"<{STROKER,UPPERSUM,HEARTR}> => <{STRONGSUM}>"
"85","STROKER;HEARTR",NA,"STRONGSUM",NA,0.0254991816693944,0.240654927401915,0.290892143393547,"<{STROKER,HEARTR}> => <{STRONGSUM}>"
"86","STROKER;HYPERR",NA,"STRONGSUM",NA,0.0164975450081833,0.204711616571893,0.247445591765107,"<{STROKER,HYPERR}> => <{STRONGSUM}>"
"87","STROKER;HEARTR;HYPERR",NA,"STRONGSUM",NA,0.0133878887070376,0.235327963176064,0.284453164320201,"<{STROKER,HEARTR,HYPERR}> => <{STRONGSUM}>"
"88","LOWERSUM;ARTHRITISR",NA,"STRONGSUM",NA,0.0332242225859247,0.100425447709508,0.121389468525974,"<{LOWERSUM,ARTHRITISR}> => <{STRONGSUM}>"
"89","LOWERSUM;DIABETESR",NA,"STRONGSUM",NA,0.0111292962356792,0.101857399640503,0.123120343397063,"<{LOWERSUM,DIABETESR}> => <{STRONGSUM}>"
"90","LOWERSUM;HEARTR",NA,"STRONGSUM",NA,0.0157774140752864,0.109470815353168,0.132323075454589,"<{LOWERSUM,HEARTR}> => <{STRONGSUM}>"
"91","LOWERSUM;HYPERR",NA,"STRONGSUM",NA,0.0369230769230769,0.121186076493339,0.146483921693104,"<{LOWERSUM,HYPERR}> => <{STRONGSUM}>"
"93","HYPERR","LOWERSUM","STRONGSUM",NA,0.012176759410802,0.116213683223993,0.140473530999959,"<{HYPERR},{LOWERSUM}> => <{STRONGSUM}>"
"94","ARTHRITISR;HYPERR",NA,"STRONGSUM",NA,0.0321112929623568,0.143442023687674,0.173385844095055,"<{ARTHRITISR,HYPERR}> => <{STRONGSUM}>"
"95","DIABETESR;HYPERR",NA,"STRONGSUM",NA,0.0161374795417349,0.139501980758347,0.168623309019843,"<{DIABETESR,HYPERR}> => <{STRONGSUM}>"
"96","HEARTR;HYPERR",NA,"STRONGSUM",NA,0.0211783960720131,0.154562828475872,0.186828139983299,"<{HEARTR,HYPERR}> => <{STRONGSUM}>"
"97","ARTHRITISR;HEARTR",NA,"STRONGSUM",NA,0.0133551554828151,0.125577100646353,0.151791581259242,"<{ARTHRITISR,HEARTR}> => <{STRONGSUM}>"
"105","STROKER;HEARTR",NA,"LOWERSUM","STRONGSUM",0.0141734860883797,0.133765832561013,0.26446713595256,"<{STROKER,HEARTR}> => <{LOWERSUM,STRONGSUM}>"
"154","ARTHRITISR",NA,"LOWERSUM",NA,0.0817675941080196,0.117708038827632,0.139563012737101,"<{ARTHRITISR}> => <{LOWERSUM}>"
"155","CANCERR",NA,"LOWERSUM",NA,0.0248445171849427,0.115209471766849,0.136600534133247,"<{CANCERR}> => <{LOWERSUM}>"
"157","DIABETESR",NA,"LOWERSUM",NA,0.0294599018003273,0.10480959590078,0.124269702505971,"<{DIABETESR}> => <{LOWERSUM}>"
"158","HEARTR",NA,"LOWERSUM",NA,0.0463502454991817,0.121890333132478,0.144521837972414,"<{HEARTR}> => <{LOWERSUM}>"
"159","HYPERR",NA,"LOWERSUM",NA,0.104779050736498,0.147593139063076,0.174996910594465,"<{HYPERR}> => <{LOWERSUM}>"
"162","STROKER",NA,"LOWERSUM",NA,0.0343698854337152,0.161513613290263,0.191502013739717,"<{STROKER}> => <{LOWERSUM}>"
"163","STRONGSUM",NA,"LOWERSUM",NA,0.0850736497545008,0.10283295085859,0.121926051724362,"<{STRONGSUM}> => <{LOWERSUM}>"
"166","UPPERSUM;HEARTR",NA,"LOWERSUM",NA,0.0133878887070376,0.111413783710161,0.132100096730009,"<{UPPERSUM,HEARTR}> => <{LOWERSUM}>"
"167","UPPERSUM;HYPERR",NA,"LOWERSUM",NA,0.0214075286415712,0.104824491104344,0.124287363317461,"<{UPPERSUM,HYPERR}> => <{LOWERSUM}>"
"168","STROKER;UPPERSUM",NA,"LOWERSUM",NA,0.0119803600654664,0.1525,0.180814833501514,"<{STROKER,UPPERSUM}> => <{LOWERSUM}>"
"169","STROKER;UPPERSUM;HEARTR",NA,"LOWERSUM",NA,0.0109656301145663,0.208074534161491,0.246707949182393,"<{STROKER,UPPERSUM,HEARTR}> => <{LOWERSUM}>"
"175","STROKER;HEARTR",NA,"LOWERSUM",NA,0.0285106382978723,0.269076305220883,0.31903598247683,"<{STROKER,HEARTR}> => <{LOWERSUM}>"
"176","STROKER;HYPERR",NA,"LOWERSUM",NA,0.0165630114566285,0.205523964256702,0.243683812312437,"<{STROKER,HYPERR}> => <{LOWERSUM}>"
"177","STROKER;HEARTR;HYPERR",NA,"LOWERSUM",NA,0.0141080196399345,0.247986191024166,0.294030044857109,"<{STROKER,HEARTR,HYPERR}> => <{LOWERSUM}>"
"178","ARTHRITISR;HYPERR",NA,"LOWERSUM",NA,0.0295253682487725,0.131890627284691,0.156378897133715,"<{ARTHRITISR,HYPERR}> => <{LOWERSUM}>"
"179","DIABETESR;HYPERR",NA,"LOWERSUM",NA,0.0162356792144026,0.140350877192982,0.166409970435675,"<{DIABETESR,HYPERR}> => <{LOWERSUM}>"
"180","HEARTR;HYPERR",NA,"LOWERSUM",NA,0.0210147299509002,0.153368370759675,0.181844435562682,"<{HEARTR,HYPERR}> => <{LOWERSUM}>"
"181","ARTHRITISR;HEARTR",NA,"LOWERSUM",NA,0.012176759410802,0.11449676823638,0.135755502197525,"<{ARTHRITISR,HEARTR}> => <{LOWERSUM}>"
"188","ARTHRITISR",NA,"IADLSUM",NA,0.0805237315875614,0.115917444161719,0.295599158525919,"<{ARTHRITISR}> => <{IADLSUM}>"
"190","COPDR",NA,"IADLSUM",NA,0.0238297872340426,0.13712563571294,0.349681817281329,"<{COPDR}> => <{IADLSUM}>"
"191","DIABETESR",NA,"IADLSUM",NA,0.0328641571194763,0.116920926982648,0.298158123482463,"<{DIABETESR}> => <{IADLSUM}>"
"192","HEARTR",NA,"IADLSUM",NA,0.0489034369885434,0.128604631144013,0.327952544361402,"<{HEARTR}> => <{IADLSUM}>"
"193","HYPERR",NA,"IADLSUM",NA,0.0783960720130933,0.110429730726669,0.281605031193635,"<{HYPERR}> => <{IADLSUM}>"
"194","LOWERSUM",NA,"IADLSUM",NA,0.109099836333879,0.129356516339362,0.329869914371244,"<{LOWERSUM}> => <{IADLSUM}>"
"195","PSYCHR",NA,"IADLSUM",NA,0.0344026186579378,0.137727689686804,0.351217105169604,"<{PSYCHR}> => <{IADLSUM}>"
"196","STROKER",NA,"IADLSUM",NA,0.0311292962356792,0.146285186894324,0.373039437364073,"<{STROKER}> => <{IADLSUM}>"
"197","STRONGSUM",NA,"IADLSUM",NA,0.107626841243863,0.130094167919601,0.331750987474442,"<{STRONGSUM}> => <{IADLSUM}>"
"198","UPPERSUM",NA,"IADLSUM",NA,0.0963338788870704,0.147859726688103,0.37705464526891,"<{UPPERSUM}> => <{IADLSUM}>"
"199","UPPERSUM;ARTHRITISR",NA,"IADLSUM",NA,0.0398363338788871,0.175158318940702,0.446668334193527,"<{UPPERSUM,ARTHRITISR}> => <{IADLSUM}>"
"200","UPPERSUM;COPDR",NA,"IADLSUM",NA,0.011620294599018,0.201819215463331,0.514655845776692,"<{UPPERSUM,COPDR}> => <{IADLSUM}>"
"201","UPPERSUM;DIABETESR",NA,"IADLSUM",NA,0.0142062193126023,0.17671009771987,0.450625499611187,"<{UPPERSUM,DIABETESR}> => <{IADLSUM}>"
"202","UPPERSUM;HEARTR",NA,"IADLSUM",NA,0.0217021276595745,0.180604739852901,0.460557162145754,"<{UPPERSUM,HEARTR}> => <{IADLSUM}>"
"203","UPPERSUM;ARTHRITISR;HEARTR",NA,"IADLSUM",NA,0.0120785597381342,0.202970297029703,0.517591199854543,"<{UPPERSUM,ARTHRITISR,HEARTR}> => <{IADLSUM}>"
"204","UPPERSUM;HYPERR",NA,"IADLSUM",NA,0.0367266775777414,0.17983651226158,0.458598117662043,"<{UPPERSUM,HYPERR}> => <{IADLSUM}>"
"205","UPPERSUM;ARTHRITISR;HYPERR",NA,"IADLSUM",NA,0.0215711947626841,0.192972181551977,0.492095170819106,"<{UPPERSUM,ARTHRITISR,HYPERR}> => <{IADLSUM}>"
"206","UPPERSUM;DIABETESR;HYPERR",NA,"IADLSUM",NA,0.010278232405892,0.188136608747753,0.479764056531207,"<{UPPERSUM,DIABETESR,HYPERR}> => <{IADLSUM}>"
"207","UPPERSUM;HEARTR;HYPERR",NA,"IADLSUM",NA,0.0130932896890344,0.19047619047619,0.485730185229351,"<{UPPERSUM,HEARTR,HYPERR}> => <{IADLSUM}>"
"208","LOWERSUM;UPPERSUM",NA,"IADLSUM",NA,0.05620294599018,0.175221961424635,0.44683062783995,"<{LOWERSUM,UPPERSUM}> => <{IADLSUM}>"
"209","LOWERSUM;UPPERSUM;ARTHRITISR",NA,"IADLSUM",NA,0.0318166939443535,0.183951551854656,0.469091812116839,"<{LOWERSUM,UPPERSUM,ARTHRITISR}> => <{IADLSUM}>"
"210","LOWERSUM;UPPERSUM;DIABETESR",NA,"IADLSUM",NA,0.0119803600654664,0.189834024896266,0.484092609397405,"<{LOWERSUM,UPPERSUM,DIABETESR}> => <{IADLSUM}>"
"211","LOWERSUM;UPPERSUM;HEARTR",NA,"IADLSUM",NA,0.0165302782324059,0.193932411674347,0.494543837783915,"<{LOWERSUM,UPPERSUM,HEARTR}> => <{IADLSUM}>"
"212","LOWERSUM;UPPERSUM;HYPERR",NA,"IADLSUM",NA,0.0298199672667758,0.18810654552963,0.479687392815543,"<{LOWERSUM,UPPERSUM,HYPERR}> => <{IADLSUM}>"
"213","PSYCHR;UPPERSUM",NA,"IADLSUM",NA,0.0168248772504092,0.195884146341463,0.499520924101144,"<{PSYCHR,UPPERSUM}> => <{IADLSUM}>"
"214","PSYCHR;UPPERSUM;ARTHRITISR",NA,"IADLSUM",NA,0.0106382978723404,0.214663143989432,0.547408935632483,"<{PSYCHR,UPPERSUM,ARTHRITISR}> => <{IADLSUM}>"
"215","LOWERSUM;PSYCHR;UPPERSUM",NA,"IADLSUM",NA,0.0136170212765957,0.205027106949236,0.522836236836324,"<{LOWERSUM,PSYCHR,UPPERSUM}> => <{IADLSUM}>"
"216","STROKER;UPPERSUM",NA,"IADLSUM",NA,0.01430441898527,0.182083333333333,0.464327698942682,"<{STROKER,UPPERSUM}> => <{IADLSUM}>"
"217","STRONGSUM;UPPERSUM",NA,"IADLSUM",NA,0.0573813420621931,0.168768653124097,0.430374153000098,"<{STRONGSUM,UPPERSUM}> => <{IADLSUM}>"
"218","STRONGSUM;UPPERSUM;ARTHRITISR",NA,"IADLSUM",NA,0.0321112929623568,0.181063122923588,0.461726077238365,"<{STRONGSUM,UPPERSUM,ARTHRITISR}> => <{IADLSUM}>"
"219","STRONGSUM;UPPERSUM;DIABETESR",NA,"IADLSUM",NA,0.0117512274959083,0.185914034179182,0.474096305857596,"<{STRONGSUM,UPPERSUM,DIABETESR}> => <{IADLSUM}>"
"220","STRONGSUM;UPPERSUM;HEARTR",NA,"IADLSUM",NA,0.0162356792144026,0.186676703048551,0.47604117513633,"<{STRONGSUM,UPPERSUM,HEARTR}> => <{IADLSUM}>"
"221","STRONGSUM;UPPERSUM;HYPERR",NA,"IADLSUM",NA,0.0290998363338789,0.181985670419652,0.464078650360632,"<{STRONGSUM,UPPERSUM,HYPERR}> => <{IADLSUM}>"
"222","LOWERSUM;STRONGSUM;UPPERSUM",NA,"IADLSUM",NA,0.0472995090016367,0.176069209211649,0.448991180418687,"<{LOWERSUM,STRONGSUM,UPPERSUM}> => <{IADLSUM}>"
"223","PSYCHR;STRONGSUM;UPPERSUM",NA,"IADLSUM",NA,0.0140098199672668,0.207364341085271,0.528796378977883,"<{PSYCHR,STRONGSUM,UPPERSUM}> => <{IADLSUM}>"
"224","ARTHRITISR","UPPERSUM","IADLSUM",NA,0.0132569558101473,0.138841275282825,0.35405684139318,"<{ARTHRITISR},{UPPERSUM}> => <{IADLSUM}>"
"225","HYPERR","UPPERSUM","IADLSUM",NA,0.0129950900163666,0.135125936010892,0.344582416121264,"<{HYPERR},{UPPERSUM}> => <{IADLSUM}>"
"226","LOWERSUM","UPPERSUM","IADLSUM",NA,0.0177741407528642,0.140673575129534,0.358729358948853,"<{LOWERSUM},{UPPERSUM}> => <{IADLSUM}>"
"227","STRONGSUM","UPPERSUM","IADLSUM",NA,0.0154500818330606,0.130530973451327,0.332864878041574,"<{STRONGSUM},{UPPERSUM}> => <{IADLSUM}>"
"228","STRONGSUM;ARTHRITISR",NA,"IADLSUM",NA,0.0476268412438625,0.146011038635223,0.372340336419539,"<{STRONGSUM,ARTHRITISR}> => <{IADLSUM}>"
"229","STRONGSUM;COPDR",NA,"IADLSUM",NA,0.0126350245499182,0.187834549878345,0.478993781200622,"<{STRONGSUM,COPDR}> => <{IADLSUM}>"
"230","STRONGSUM;DIABETESR",NA,"IADLSUM",NA,0.0170212765957447,0.164452877925364,0.41936856599498,"<{STRONGSUM,DIABETESR}> => <{IADLSUM}>"
"231","STRONGSUM;HEARTR",NA,"IADLSUM",NA,0.0242225859247136,0.17281644091546,0.440696349746854,"<{STRONGSUM,HEARTR}> => <{IADLSUM}>"
"232","STRONGSUM;ARTHRITISR;HEARTR",NA,"IADLSUM",NA,0.0136824877250409,0.187275985663082,0.477569395826976,"<{STRONGSUM,ARTHRITISR,HEARTR}> => <{IADLSUM}>"
"233","STRONGSUM;HYPERR",NA,"IADLSUM",NA,0.0434697217675941,0.150430448572723,0.383610200659156,"<{STRONGSUM,HYPERR}> => <{IADLSUM}>"
"234","STRONGSUM;ARTHRITISR;HYPERR",NA,"IADLSUM",NA,0.0248445171849427,0.162318220701454,0.413925011888934,"<{STRONGSUM,ARTHRITISR,HYPERR}> => <{IADLSUM}>"
"235","STRONGSUM;DIABETESR;HYPERR",NA,"IADLSUM",NA,0.0123076923076923,0.17455896007428,0.445139919054196,"<{STRONGSUM,DIABETESR,HYPERR}> => <{IADLSUM}>"
"236","STRONGSUM;HEARTR;HYPERR",NA,"IADLSUM",NA,0.0148281505728314,0.178066037735849,0.454083259835575,"<{STRONGSUM,HEARTR,HYPERR}> => <{IADLSUM}>"
"237","LOWERSUM;STRONGSUM",NA,"IADLSUM",NA,0.0745662847790507,0.147424281646389,0.375944224064873,"<{LOWERSUM,STRONGSUM}> => <{IADLSUM}>"
"238","LOWERSUM;STRONGSUM;ARTHRITISR",NA,"IADLSUM",NA,0.040392798690671,0.156222306621091,0.3983799221431,"<{LOWERSUM,STRONGSUM,ARTHRITISR}> => <{IADLSUM}>"
"239","LOWERSUM;STRONGSUM;COPDR",NA,"IADLSUM",NA,0.0109656301145663,0.196711685261304,0.501631217423441,"<{LOWERSUM,STRONGSUM,COPDR}> => <{IADLSUM}>"
"240","LOWERSUM;STRONGSUM;DIABETESR",NA,"IADLSUM",NA,0.0146644844517185,0.17191097467383,0.438387335249207,"<{LOWERSUM,STRONGSUM,DIABETESR}> => <{IADLSUM}>"
"241","LOWERSUM;STRONGSUM;HEARTR",NA,"IADLSUM",NA,0.02,0.181198102016607,0.462070285192601,"<{LOWERSUM,STRONGSUM,HEARTR}> => <{IADLSUM}>"
"242","LOWERSUM;STRONGSUM;HYPERR",NA,"IADLSUM",NA,0.0369558101472995,0.161354866371302,0.411468377933495,"<{LOWERSUM,STRONGSUM,HYPERR}> => <{IADLSUM}>"
"243","PSYCHR;STRONGSUM",NA,"IADLSUM",NA,0.0193126022913257,0.18771874005727,0.47869845648995,"<{PSYCHR,STRONGSUM}> => <{IADLSUM}>"
"244","PSYCHR;STRONGSUM;ARTHRITISR",NA,"IADLSUM",NA,0.0123404255319149,0.202579258463192,0.516594018868991,"<{PSYCHR,STRONGSUM,ARTHRITISR}> => <{IADLSUM}>"
"245","PSYCHR;STRONGSUM;HYPERR",NA,"IADLSUM",NA,0.0111620294599018,0.199182242990654,0.507931345856802,"<{PSYCHR,STRONGSUM,HYPERR}> => <{IADLSUM}>"
"246","LOWERSUM;PSYCHR;STRONGSUM",NA,"IADLSUM",NA,0.0167921440261866,0.196777905638665,0.50180008491329,"<{LOWERSUM,PSYCHR,STRONGSUM}> => <{IADLSUM}>"
"247","STROKER;STRONGSUM",NA,"IADLSUM",NA,0.0142389525368249,0.175899716942984,0.448558960985657,"<{STROKER,STRONGSUM}> => <{IADLSUM}>"
"248","LOWERSUM;STROKER;STRONGSUM",NA,"IADLSUM",NA,0.0111292962356792,0.17989417989418,0.458745174938831,"<{LOWERSUM,STROKER,STRONGSUM}> => <{IADLSUM}>"
"249","ARTHRITISR","STRONGSUM","IADLSUM",NA,0.0109001636661211,0.123837857939755,0.315796874796286,"<{ARTHRITISR},{STRONGSUM}> => <{IADLSUM}>"
"250","HYPERR","STRONGSUM","IADLSUM",NA,0.0129296235679214,0.12094304960196,0.308414871898152,"<{HYPERR},{STRONGSUM}> => <{IADLSUM}>"
"251","LOWERSUM","STRONGSUM","IADLSUM",NA,0.012962356792144,0.121286370597244,0.309290369093972,"<{LOWERSUM},{STRONGSUM}> => <{IADLSUM}>"
"252","STROKER;HEARTR",NA,"IADLSUM",NA,0.018494271685761,0.174544331170837,0.445102614129305,"<{STROKER,HEARTR}> => <{IADLSUM}>"
"253","STROKER;HYPERR",NA,"IADLSUM",NA,0.0132896890343699,0.164906580016247,0.420525544198359,"<{STROKER,HYPERR}> => <{IADLSUM}>"
"254","STROKER;HEARTR;HYPERR",NA,"IADLSUM",NA,0.0101800327332242,0.178941311852704,0.456315281894834,"<{STROKER,HEARTR,HYPERR}> => <{IADLSUM}>"
"255","LOWERSUM;STROKER",NA,"IADLSUM",NA,0.0150245499181669,0.186509548963836,0.475614918267545,"<{LOWERSUM,STROKER}> => <{IADLSUM}>"
"256","LOWERSUM;STROKER;HEARTR",NA,"IADLSUM",NA,0.0105728314238953,0.195639006662629,0.498895797457705,"<{LOWERSUM,STROKER,HEARTR}> => <{IADLSUM}>"
"257","PSYCHR;ARTHRITISR",NA,"IADLSUM",NA,0.0149918166939444,0.179256360078278,0.457118681167896,"<{PSYCHR,ARTHRITISR}> => <{IADLSUM}>"
"258","PSYCHR;HYPERR",NA,"IADLSUM",NA,0.0143371522094926,0.174850299401198,0.445882858656643,"<{PSYCHR,HYPERR}> => <{IADLSUM}>"
"259","LOWERSUM;PSYCHR",NA,"IADLSUM",NA,0.0190180032733224,0.180434782608696,0.460123756986281,"<{LOWERSUM,PSYCHR}> => <{IADLSUM}>"
"260","LOWERSUM;PSYCHR;ARTHRITISR",NA,"IADLSUM",NA,0.0122749590834697,0.198412698412698,0.50596894294724,"<{LOWERSUM,PSYCHR,ARTHRITISR}> => <{IADLSUM}>"
"261","LOWERSUM;PSYCHR;HYPERR",NA,"IADLSUM",NA,0.011063829787234,0.193142857142857,0.492530407822561,"<{LOWERSUM,PSYCHR,HYPERR}> => <{IADLSUM}>"
"262","LOWERSUM;ARTHRITISR",NA,"IADLSUM",NA,0.0485761047463175,0.146828930444247,0.374426028803984,"<{LOWERSUM,ARTHRITISR}> => <{IADLSUM}>"
"263","LOWERSUM;COPDR",NA,"IADLSUM",NA,0.0130932896890344,0.186393289841566,0.475318447801322,"<{LOWERSUM,COPDR}> => <{IADLSUM}>"
"264","LOWERSUM;DIABETESR",NA,"IADLSUM",NA,0.0178723404255319,0.163571000599161,0.417119705200699,"<{LOWERSUM,DIABETESR}> => <{IADLSUM}>"
"265","LOWERSUM;ARTHRITISR;DIABETESR",NA,"IADLSUM",NA,0.0100490998363339,0.172278338945006,0.439324144805503,"<{LOWERSUM,ARTHRITISR,DIABETESR}> => <{IADLSUM}>"
"266","LOWERSUM;HEARTR",NA,"IADLSUM",NA,0.0247135842880524,0.171473995003407,0.437273000613863,"<{LOWERSUM,HEARTR}> => <{IADLSUM}>"
"267","LOWERSUM;ARTHRITISR;HEARTR",NA,"IADLSUM",NA,0.0142716857610475,0.191144234984656,0.487433754489252,"<{LOWERSUM,ARTHRITISR,HEARTR}> => <{IADLSUM}>"
"268","LOWERSUM;HYPERR",NA,"IADLSUM",NA,0.0454991816693944,0.149333906317147,0.380813926376363,"<{LOWERSUM,HYPERR}> => <{IADLSUM}>"
"269","LOWERSUM;ARTHRITISR;HYPERR",NA,"IADLSUM",NA,0.0254337152209493,0.161169881767268,0.41099665175209,"<{LOWERSUM,ARTHRITISR,HYPERR}> => <{IADLSUM}>"
"270","LOWERSUM;DIABETESR;HYPERR",NA,"IADLSUM",NA,0.0126677577741408,0.170785525154457,0.435517345030774,"<{LOWERSUM,DIABETESR,HYPERR}> => <{IADLSUM}>"
"271","LOWERSUM;HEARTR;HYPERR",NA,"IADLSUM",NA,0.015253682487725,0.175981873111782,0.448768466073869,"<{LOWERSUM,HEARTR,HYPERR}> => <{IADLSUM}>"
"272","HYPERR","LOWERSUM","IADLSUM",NA,0.0126022913256956,0.120274914089347,0.30671107057008,"<{HYPERR},{LOWERSUM}> => <{IADLSUM}>"
"273","STRONGSUM","LOWERSUM","IADLSUM",NA,0.010278232405892,0.120815698345517,0.308090115563903,"<{STRONGSUM},{LOWERSUM}> => <{IADLSUM}>"
"274","ARTHRITISR;HYPERR",NA,"IADLSUM",NA,0.0326677577741408,0.145927767217429,0.372127987353295,"<{ARTHRITISR,HYPERR}> => <{IADLSUM}>"
"275","DIABETESR;HYPERR",NA,"IADLSUM",NA,0.0172504091653028,0.149122807017544,0.380275605541399,"<{DIABETESR,HYPERR}> => <{IADLSUM}>"
"276","HEARTR;HYPERR",NA,"IADLSUM",NA,0.0212765957446809,0.15527950310559,0.395975694480449,"<{HEARTR,HYPERR}> => <{IADLSUM}>"
"277","ARTHRITISR;HEARTR;HYPERR",NA,"IADLSUM",NA,0.0115548281505728,0.181491002570694,0.46281720605465,"<{ARTHRITISR,HEARTR,HYPERR}> => <{IADLSUM}>"
"278","ARTHRITISR;HEARTR",NA,"IADLSUM",NA,0.0181342062193126,0.170514004309018,0.434824944210393,"<{ARTHRITISR,HEARTR}> => <{IADLSUM}>"
"279","ARTHRITISR;DIABETESR",NA,"IADLSUM",NA,0.0124058919803601,0.155200655200655,0.395774625741237,"<{ARTHRITISR,DIABETESR}> => <{IADLSUM}>"
"280","HYPERR","ARTHRITISR","IADLSUM",NA,0.0101472995090016,0.112645348837209,0.287255042318593,"<{HYPERR},{ARTHRITISR}> => <{IADLSUM}>"
"281","LOWERSUM","ARTHRITISR","IADLSUM",NA,0.0121440261865794,0.11151187255786,0.284364583192205,"<{LOWERSUM},{ARTHRITISR}> => <{IADLSUM}>"
"282","STRONGSUM","ARTHRITISR","IADLSUM",NA,0.0114893617021277,0.110273327049953,0.281206188762609,"<{STRONGSUM},{ARTHRITISR}> => <{IADLSUM}>"
"361","ADLSUM",NA,"DEAD",NA,0.0647790507364975,0.39375248706725,1.13557429244827,"<{ADLSUM}> => <{DEAD}>"
"362","ARTHRITISR",NA,"DEAD",NA,0.0711947626841244,0.102487984167373,0.295573295224512,"<{ARTHRITISR}> => <{DEAD}>"
"363","CANCERR",NA,"DEAD",NA,0.0460556464811784,0.213570127504554,0.615931973497981,"<{CANCERR}> => <{DEAD}>"
"364","COPDR",NA,"DEAD",NA,0.0365302782324059,0.210209078922584,0.606238776652974,"<{COPDR}> => <{DEAD}>"
"365","DIABETESR",NA,"DEAD",NA,0.0356464811783961,0.126819611039944,0.365745220170895,"<{DIABETESR}> => <{DEAD}>"
"366","HEARTR",NA,"DEAD",NA,0.0704091653027823,0.185159679779633,0.533996810843746,"<{HEARTR}> => <{DEAD}>"
"367","HYPERR",NA,"DEAD",NA,0.0736170212765958,0.103697897454814,0.299062660931234,"<{HYPERR}> => <{DEAD}>"
"368","IADLSUM",NA,"DEAD",NA,0.107234042553191,0.273455759599332,0.788640937955216,"<{IADLSUM}> => <{DEAD}>"
"369","LOWERSUM",NA,"DEAD",NA,0.0961702127659574,0.114026236125126,0.328849382953139,"<{LOWERSUM}> => <{DEAD}>"
"370","PSYCHR",NA,"DEAD",NA,0.0373813420621931,0.149652732276242,0.431595484852184,"<{PSYCHR}> => <{DEAD}>"
"371","STROKER",NA,"DEAD",NA,0.0533878887070376,0.250884479310875,0.72354581732722,"<{STROKER}> => <{DEAD}>"
"372","STRONGSUM",NA,"DEAD",NA,0.0970540098199673,0.117314235973728,0.338331908713055,"<{STRONGSUM}> => <{DEAD}>"
"373","UPPERSUM",NA,"DEAD",NA,0.102978723404255,0.158058681672026,0.455838074679542,"<{UPPERSUM}> => <{DEAD}>"
"374","ADLSUM;UPPERSUM",NA,"DEAD",NA,0.0167921440261866,0.337944664031621,0.974625647707543,"<{ADLSUM,UPPERSUM}> => <{DEAD}>"
"375","UPPERSUM;ARTHRITISR",NA,"DEAD",NA,0.0300490998363339,0.132124352331606,0.381043987891114,"<{UPPERSUM,ARTHRITISR}> => <{DEAD}>"
"376","UPPERSUM;CANCERR",NA,"DEAD",NA,0.0154500818330606,0.290104486785495,0.836655533965531,"<{UPPERSUM,CANCERR}> => <{DEAD}>"
"377","UPPERSUM;COPDR",NA,"DEAD",NA,0.0142062193126023,0.246731097214326,0.711567546483307,"<{UPPERSUM,COPDR}> => <{DEAD}>"
"378","UPPERSUM;DIABETESR",NA,"DEAD",NA,0.0146972176759411,0.182817589576547,0.527242269570803,"<{UPPERSUM,DIABETESR}> => <{DEAD}>"
"379","UPPERSUM;HEARTR",NA,"DEAD",NA,0.0288707037643208,0.240261509125579,0.692909383912625,"<{UPPERSUM,HEARTR}> => <{DEAD}>"
"380","UPPERSUM;ARTHRITISR;HEARTR",NA,"DEAD",NA,0.0118166939443535,0.198569856985699,0.572671493525261,"<{UPPERSUM,ARTHRITISR,HEARTR}> => <{DEAD}>"
"381","UPPERSUM;HYPERR",NA,"DEAD",NA,0.0334860883797054,0.163968584709088,0.472882116762262,"<{UPPERSUM,HYPERR}> => <{DEAD}>"
"382","UPPERSUM;ARTHRITISR;HYPERR",NA,"DEAD",NA,0.0147299509001637,0.131771595900439,0.380026645403419,"<{UPPERSUM,ARTHRITISR,HYPERR}> => <{DEAD}>"
"383","UPPERSUM;HEARTR;HYPERR",NA,"DEAD",NA,0.0157774140752864,0.22952380952381,0.661942073157026,"<{UPPERSUM,HEARTR,HYPERR}> => <{DEAD}>"
"384","UPPERSUM;IADLSUM",NA,"DEAD",NA,0.0422585924713584,0.314417924987823,0.906775003150947,"<{UPPERSUM,IADLSUM}> => <{DEAD}>"
"385","ADLSUM;UPPERSUM;IADLSUM",NA,"DEAD",NA,0.0111292962356792,0.387243735763098,1.11680318394814,"<{ADLSUM,UPPERSUM,IADLSUM}> => <{DEAD}>"
"386","UPPERSUM;ARTHRITISR;IADLSUM",NA,"DEAD",NA,0.0135515548281506,0.236301369863014,0.68148842153451,"<{UPPERSUM,ARTHRITISR,IADLSUM}> => <{DEAD}>"
"387","UPPERSUM;HEARTR;IADLSUM",NA,"DEAD",NA,0.0149263502454992,0.379052369077307,1.09317944636191,"<{UPPERSUM,HEARTR,IADLSUM}> => <{DEAD}>"
"388","UPPERSUM;HYPERR;IADLSUM",NA,"DEAD",NA,0.0173813420621931,0.294836202109939,0.850301706264385,"<{UPPERSUM,HYPERR,IADLSUM}> => <{DEAD}>"
"389","LOWERSUM;UPPERSUM",NA,"DEAD",NA,0.0511620294599018,0.159506072048168,0.4600123195574,"<{LOWERSUM,UPPERSUM}> => <{DEAD}>"
"390","ADLSUM;LOWERSUM;UPPERSUM",NA,"DEAD",NA,0.0104091653027823,0.287782805429864,0.829959851400203,"<{ADLSUM,LOWERSUM,UPPERSUM}> => <{DEAD}>"
"391","LOWERSUM;UPPERSUM;ARTHRITISR",NA,"DEAD",NA,0.0217348608837971,0.125662376987131,0.362407780322557,"<{LOWERSUM,UPPERSUM,ARTHRITISR}> => <{DEAD}>"
"392","LOWERSUM;UPPERSUM;COPDR",NA,"DEAD",NA,0.0100490998363339,0.227744807121662,0.656811465832792,"<{LOWERSUM,UPPERSUM,COPDR}> => <{DEAD}>"
"393","LOWERSUM;UPPERSUM;DIABETESR",NA,"DEAD",NA,0.0114566284779051,0.181535269709544,0.523544084737709,"<{LOWERSUM,UPPERSUM,DIABETESR}> => <{DEAD}>"
"394","LOWERSUM;UPPERSUM;HEARTR",NA,"DEAD",NA,0.0196726677577741,0.230798771121352,0.665619036888256,"<{LOWERSUM,UPPERSUM,HEARTR}> => <{DEAD}>"
"395","LOWERSUM;UPPERSUM;HYPERR",NA,"DEAD",NA,0.0251063829787234,0.158372909353706,0.456744301024802,"<{LOWERSUM,UPPERSUM,HYPERR}> => <{DEAD}>"
"396","LOWERSUM;UPPERSUM;IADLSUM",NA,"DEAD",NA,0.0252700490998363,0.291540785498489,0.84079779070885,"<{LOWERSUM,UPPERSUM,IADLSUM}> => <{DEAD}>"
"397","PSYCHR;UPPERSUM",NA,"DEAD",NA,0.0126677577741408,0.147484756097561,0.425343084941045,"<{PSYCHR,UPPERSUM}> => <{DEAD}>"
"398","STROKER;UPPERSUM",NA,"DEAD",NA,0.0238297872340426,0.303333333333333,0.87480726265773,"<{STROKER,UPPERSUM}> => <{DEAD}>"
"399","STROKER;UPPERSUM;HEARTR",NA,"DEAD",NA,0.0179050736497545,0.339751552795031,0.979836678739564,"<{STROKER,UPPERSUM,HEARTR}> => <{DEAD}>"
"400","STROKER;UPPERSUM;HYPERR",NA,"DEAD",NA,0.0126022913256956,0.29277566539924,0.844359159628695,"<{STROKER,UPPERSUM,HYPERR}> => <{DEAD}>"
"401","STROKER;UPPERSUM;IADLSUM",NA,"DEAD",NA,0.014468085106383,0.404391582799634,1.16625723161794,"<{STROKER,UPPERSUM,IADLSUM}> => <{DEAD}>"
"402","LOWERSUM;STROKER;UPPERSUM",NA,"DEAD",NA,0.0157119476268412,0.30379746835443,0.876145818769739,"<{LOWERSUM,STROKER,UPPERSUM}> => <{DEAD}>"
"403","STRONGSUM;UPPERSUM",NA,"DEAD",NA,0.0538461538461538,0.158371040723982,0.456738911934074,"<{STRONGSUM,UPPERSUM}> => <{DEAD}>"
"404","ADLSUM;STRONGSUM;UPPERSUM",NA,"DEAD",NA,0.0110310965630115,0.295096322241681,0.85105188751849,"<{ADLSUM,STRONGSUM,UPPERSUM}> => <{DEAD}>"
"405","STRONGSUM;UPPERSUM;ARTHRITISR",NA,"DEAD",NA,0.02189852700491,0.123477297895903,0.356106055953915,"<{STRONGSUM,UPPERSUM,ARTHRITISR}> => <{DEAD}>"
"406","STRONGSUM;UPPERSUM;COPDR",NA,"DEAD",NA,0.0101472995090016,0.227272727272727,0.655449996996301,"<{STRONGSUM,UPPERSUM,COPDR}> => <{DEAD}>"
"407","STRONGSUM;UPPERSUM;DIABETESR",NA,"DEAD",NA,0.0115875613747954,0.183324702226825,0.52870477230525,"<{STRONGSUM,UPPERSUM,DIABETESR}> => <{DEAD}>"
"408","STRONGSUM;UPPERSUM;HEARTR",NA,"DEAD",NA,0.0200981996726678,0.231087692886714,0.666452281477308,"<{STRONGSUM,UPPERSUM,HEARTR}> => <{DEAD}>"
"409","STRONGSUM;UPPERSUM;HYPERR",NA,"DEAD",NA,0.0252700490998363,0.158034800409417,0.455769201596118,"<{STRONGSUM,UPPERSUM,HYPERR}> => <{DEAD}>"
"410","STRONGSUM;UPPERSUM;IADLSUM",NA,"DEAD",NA,0.0260229132569558,0.295100222717149,0.851063136411678,"<{STRONGSUM,UPPERSUM,IADLSUM}> => <{DEAD}>"
"411","LOWERSUM;STRONGSUM;UPPERSUM",NA,"DEAD",NA,0.0420294599018003,0.156451809430974,0.451203887295029,"<{LOWERSUM,STRONGSUM,UPPERSUM}> => <{DEAD}>"
"412","STROKER;STRONGSUM;UPPERSUM",NA,"DEAD",NA,0.0162684124386252,0.303418803418803,0.875053756673694,"<{STROKER,STRONGSUM,UPPERSUM}> => <{DEAD}>"
"413","ARTHRITISR","UPPERSUM","DEAD",NA,0.0134533551554828,0.140898183064793,0.406347540133051,"<{ARTHRITISR},{UPPERSUM}> => <{DEAD}>"
"414","HEARTR","UPPERSUM","DEAD",NA,0.0112929623567921,0.244507441530829,0.705154567994603,"<{HEARTR},{UPPERSUM}> => <{DEAD}>"
"415","HYPERR","UPPERSUM","DEAD",NA,0.015810147299509,0.164397549353302,0.474119242211211,"<{HYPERR},{UPPERSUM}> => <{DEAD}>"
"416","LOWERSUM","UPPERSUM","DEAD",NA,0.0214075286415712,0.169430051813472,0.488632878589781,"<{LOWERSUM},{UPPERSUM}> => <{DEAD}>"
"417","STRONGSUM","UPPERSUM","DEAD",NA,0.019050736497545,0.160951327433628,0.464180407164858,"<{STRONGSUM},{UPPERSUM}> => <{DEAD}>"
"418","LOWERSUM;STRONGSUM","UPPERSUM","DEAD",NA,0.010671031096563,0.149267399267399,0.430484192166435,"<{LOWERSUM,STRONGSUM},{UPPERSUM}> => <{DEAD}>"
"419","ADLSUM;STRONGSUM",NA,"DEAD",NA,0.0151227495908347,0.322400558269365,0.929796757776749,"<{ADLSUM,STRONGSUM}> => <{DEAD}>"
"420","STRONGSUM;ARTHRITISR",NA,"DEAD",NA,0.033126022913257,0.10155544405419,0.292883868201217,"<{STRONGSUM,ARTHRITISR}> => <{DEAD}>"
"421","STRONGSUM;CANCERR",NA,"DEAD",NA,0.01430441898527,0.222959183673469,0.643009823583922,"<{STRONGSUM,CANCERR}> => <{DEAD}>"
"422","STRONGSUM;COPDR",NA,"DEAD",NA,0.0136824877250409,0.203406326034063,0.586619773467444,"<{STRONGSUM,COPDR}> => <{DEAD}>"
"423","STRONGSUM;DIABETESR",NA,"DEAD",NA,0.015810147299509,0.152751423149905,0.440532047317059,"<{STRONGSUM,DIABETESR}> => <{DEAD}>"
"424","STRONGSUM;HEARTR",NA,"DEAD",NA,0.0277577741407529,0.198038299859879,0.571138493412564,"<{STRONGSUM,HEARTR}> => <{DEAD}>"
"425","STRONGSUM;ARTHRITISR;HEARTR",NA,"DEAD",NA,0.0124386252045827,0.170250896057348,0.491000176961387,"<{STRONGSUM,ARTHRITISR,HEARTR}> => <{DEAD}>"
"426","STRONGSUM;HYPERR",NA,"DEAD",NA,0.0349263502454992,0.120865428183054,0.348573475973973,"<{STRONGSUM,HYPERR}> => <{DEAD}>"
"427","STRONGSUM;ARTHRITISR;HYPERR",NA,"DEAD",NA,0.0158428805237316,0.103507271171942,0.298512898546476,"<{STRONGSUM,ARTHRITISR,HYPERR}> => <{DEAD}>"
"428","STRONGSUM;DIABETESR;HYPERR",NA,"DEAD",NA,0.0111292962356792,0.157845868152275,0.455224324747663,"<{STRONGSUM,DIABETESR,HYPERR}> => <{DEAD}>"
"429","STRONGSUM;HEARTR;HYPERR",NA,"DEAD",NA,0.0161374795417349,0.193789308176101,0.558884486432538,"<{STRONGSUM,HEARTR,HYPERR}> => <{DEAD}>"
"430","STRONGSUM;IADLSUM",NA,"DEAD",NA,0.0336824877250409,0.283471074380165,0.817524905344477,"<{STRONGSUM,IADLSUM}> => <{DEAD}>"
"431","STRONGSUM;ARTHRITISR;IADLSUM",NA,"DEAD",NA,0.0123076923076923,0.211473565804274,0.609885531513319,"<{STRONGSUM,ARTHRITISR,IADLSUM}> => <{DEAD}>"
"432","STRONGSUM;HEARTR;IADLSUM",NA,"DEAD",NA,0.0124713584288052,0.347310847766636,1.00163753415187,"<{STRONGSUM,HEARTR,IADLSUM}> => <{DEAD}>"
"433","STRONGSUM;HYPERR;IADLSUM",NA,"DEAD",NA,0.0152209492635025,0.260942760942761,0.752553700255012,"<{STRONGSUM,HYPERR,IADLSUM}> => <{DEAD}>"
"434","LOWERSUM;STRONGSUM",NA,"DEAD",NA,0.0629459901800327,0.124449909396842,0.35891104805754,"<{LOWERSUM,STRONGSUM}> => <{DEAD}>"
"435","ADLSUM;LOWERSUM;STRONGSUM",NA,"DEAD",NA,0.0119476268412439,0.289223454833597,0.834114655448542,"<{ADLSUM,LOWERSUM,STRONGSUM}> => <{DEAD}>"
"436","LOWERSUM;STRONGSUM;ARTHRITISR",NA,"DEAD",NA,0.0265466448445172,0.102671224205596,0.296101755827523,"<{LOWERSUM,STRONGSUM,ARTHRITISR}> => <{DEAD}>"
"437","LOWERSUM;STRONGSUM;CANCERR",NA,"DEAD",NA,0.0109001636661211,0.236505681818182,0.682077653124276,"<{LOWERSUM,STRONGSUM,CANCERR}> => <{DEAD}>"
"438","LOWERSUM;STRONGSUM;COPDR",NA,"DEAD",NA,0.0111620294599018,0.200234879624193,0.57747338549222,"<{LOWERSUM,STRONGSUM,COPDR}> => <{DEAD}>"
"439","LOWERSUM;STRONGSUM;DIABETESR",NA,"DEAD",NA,0.0134860883797054,0.158096699923254,0.455947718555217,"<{LOWERSUM,STRONGSUM,DIABETESR}> => <{DEAD}>"
"440","LOWERSUM;STRONGSUM;HEARTR",NA,"DEAD",NA,0.0225204582651391,0.204033214709371,0.588427707860974,"<{LOWERSUM,STRONGSUM,HEARTR}> => <{DEAD}>"
"441","LOWERSUM;STRONGSUM;HYPERR",NA,"DEAD",NA,0.0288379705400982,0.125911104759183,0.363125106239311,"<{LOWERSUM,STRONGSUM,HYPERR}> => <{DEAD}>"
"442","LOWERSUM;STRONGSUM;IADLSUM",NA,"DEAD",NA,0.0255973813420622,0.270401106500692,0.779831379552169,"<{LOWERSUM,STRONGSUM,IADLSUM}> => <{DEAD}>"
"443","PSYCHR;STRONGSUM",NA,"DEAD",NA,0.011620294599018,0.112949411390391,0.32574384196889,"<{PSYCHR,STRONGSUM}> => <{DEAD}>"
"444","STROKER;STRONGSUM",NA,"DEAD",NA,0.0221603927986907,0.273756570966438,0.789508471917744,"<{STROKER,STRONGSUM}> => <{DEAD}>"
"445","STROKER;STRONGSUM;HEARTR",NA,"DEAD",NA,0.0168576104746318,0.306547619047619,0.884077198329535,"<{STROKER,STRONGSUM,HEARTR}> => <{DEAD}>"
"446","STROKER;STRONGSUM;HYPERR",NA,"DEAD",NA,0.0121440261865794,0.258897418004187,0.746654972154056,"<{STROKER,STRONGSUM,HYPERR}> => <{DEAD}>"
"447","STROKER;STRONGSUM;IADLSUM",NA,"DEAD",NA,0.0119148936170213,0.382754994742376,1.10385774467852,"<{STROKER,STRONGSUM,IADLSUM}> => <{DEAD}>"
"448","LOWERSUM;STROKER;STRONGSUM",NA,"DEAD",NA,0.0171849427168576,0.277777777777778,0.801105551884368,"<{LOWERSUM,STROKER,STRONGSUM}> => <{DEAD}>"
"449","ARTHRITISR","STRONGSUM","DEAD",NA,0.0113911620294599,0.129416139828933,0.373233557233446,"<{ARTHRITISR},{STRONGSUM}> => <{DEAD}>"
"450","HEARTR","STRONGSUM","DEAD",NA,0.0119803600654664,0.259943181818182,0.749670934064519,"<{HEARTR},{STRONGSUM}> => <{DEAD}>"
"451","HYPERR","STRONGSUM","DEAD",NA,0.0168576104746318,0.157685241886099,0.454761081810661,"<{HYPERR},{STRONGSUM}> => <{DEAD}>"
"452","LOWERSUM","STRONGSUM","DEAD",NA,0.0169230769230769,0.158346094946401,0.456666968810777,"<{LOWERSUM},{STRONGSUM}> => <{DEAD}>"
"453","STROKER","STRONGSUM","DEAD",NA,0.0108019639934534,0.327706057596822,0.94509771165703,"<{STROKER},{STRONGSUM}> => <{DEAD}>"
"454","UPPERSUM","STRONGSUM","DEAD",NA,0.0136170212765957,0.239355581127733,0.69029670569737,"<{UPPERSUM},{STRONGSUM}> => <{DEAD}>"
"455","ADLSUM;STROKER",NA,"DEAD",NA,0.0104746317512275,0.443213296398892,1.27821827669085,"<{ADLSUM,STROKER}> => <{DEAD}>"
"456","STROKER;ARTHRITISR",NA,"DEAD",NA,0.0131587561374795,0.236749116607774,0.682779714185546,"<{STROKER,ARTHRITISR}> => <{DEAD}>"
"457","STROKER;HEARTR",NA,"DEAD",NA,0.0299181669394435,0.282360210071053,0.814321194908967,"<{STROKER,HEARTR}> => <{DEAD}>"
"458","STROKER;HYPERR",NA,"DEAD",NA,0.0192471358428805,0.238830219333875,0.688781572798063,"<{STROKER,HYPERR}> => <{DEAD}>"
"459","STROKER;HEARTR;HYPERR",NA,"DEAD",NA,0.0160720130932897,0.282508630609896,0.814749236772617,"<{STROKER,HEARTR,HYPERR}> => <{DEAD}>"
"460","STROKER;IADLSUM",NA,"DEAD",NA,0.021505728314239,0.388297872340426,1.11984329274049,"<{STROKER,IADLSUM}> => <{DEAD}>"
"461","STROKER;HEARTR;IADLSUM",NA,"DEAD",NA,0.0142716857610475,0.455114822546973,1.3125420399141,"<{STROKER,HEARTR,IADLSUM}> => <{DEAD}>"
"462","LOWERSUM;STROKER",NA,"DEAD",NA,0.0220949263502455,0.274278748476229,0.791014421405532,"<{LOWERSUM,STROKER}> => <{DEAD}>"
"463","LOWERSUM;STROKER;HEARTR",NA,"DEAD",NA,0.0172831423895254,0.319806178073895,0.922314617214904,"<{LOWERSUM,STROKER,HEARTR}> => <{DEAD}>"
"464","LOWERSUM;STROKER;HYPERR",NA,"DEAD",NA,0.0124386252045827,0.260809883321894,0.752170483855742,"<{LOWERSUM,STROKER,HYPERR}> => <{DEAD}>"
"465","LOWERSUM;STROKER;IADLSUM",NA,"DEAD",NA,0.0117512274959083,0.376705141657922,1.08641008945998,"<{LOWERSUM,STROKER,IADLSUM}> => <{DEAD}>"
"466","PSYCHR;IADLSUM",NA,"DEAD",NA,0.0129296235679214,0.243076923076923,0.701028981402813,"<{PSYCHR,IADLSUM}> => <{DEAD}>"
"467","LOWERSUM;PSYCHR",NA,"DEAD",NA,0.0115548281505728,0.109627329192547,0.316163023395856,"<{LOWERSUM,PSYCHR}> => <{DEAD}>"
"468","ADLSUM;LOWERSUM",NA,"DEAD",NA,0.0136824877250409,0.309171597633136,0.891644700055915,"<{ADLSUM,LOWERSUM}> => <{DEAD}>"
"469","LOWERSUM;ARTHRITISR",NA,"DEAD",NA,0.0338788870703764,0.102404274265361,0.295331877542412,"<{LOWERSUM,ARTHRITISR}> => <{DEAD}>"
"470","LOWERSUM;CANCERR",NA,"DEAD",NA,0.0151554828150573,0.233014594866633,0.672009428223888,"<{LOWERSUM,CANCERR}> => <{DEAD}>"
"471","LOWERSUM;COPDR",NA,"DEAD",NA,0.0139443535188216,0.198508853681267,0.572495561216154,"<{LOWERSUM,COPDR}> => <{DEAD}>"
"472","LOWERSUM;DIABETESR",NA,"DEAD",NA,0.0161374795417349,0.14769322947873,0.425944318000113,"<{LOWERSUM,DIABETESR}> => <{DEAD}>"
"473","LOWERSUM;HEARTR",NA,"DEAD",NA,0.0282487725040917,0.19600272541449,0.565267937450455,"<{LOWERSUM,HEARTR}> => <{DEAD}>"
"474","LOWERSUM;ARTHRITISR;HEARTR",NA,"DEAD",NA,0.0128314238952537,0.171854449802718,0.495624793870767,"<{LOWERSUM,ARTHRITISR,HEARTR}> => <{DEAD}>"
"475","LOWERSUM;HYPERR",NA,"DEAD",NA,0.0366612111292962,0.120326600773528,0.34701950850857,"<{LOWERSUM,HYPERR}> => <{DEAD}>"
"476","LOWERSUM;ARTHRITISR;HYPERR",NA,"DEAD",NA,0.0163993453355155,0.10392034847542,0.299704205222702,"<{LOWERSUM,ARTHRITISR,HYPERR}> => <{DEAD}>"
"477","LOWERSUM;DIABETESR;HYPERR",NA,"DEAD",NA,0.0112929623567921,0.1522506619594,0.439087862065483,"<{LOWERSUM,DIABETESR,HYPERR}> => <{DEAD}>"
"478","LOWERSUM;HEARTR;HYPERR",NA,"DEAD",NA,0.0168576104746318,0.194486404833837,0.560894899242303,"<{LOWERSUM,HEARTR,HYPERR}> => <{DEAD}>"
"479","LOWERSUM;IADLSUM",NA,"DEAD",NA,0.0328314238952537,0.278224687933426,0.802394431829147,"<{LOWERSUM,IADLSUM}> => <{DEAD}>"
"480","LOWERSUM;ARTHRITISR;IADLSUM",NA,"DEAD",NA,0.0124058919803601,0.211613623673925,0.610289455606383,"<{LOWERSUM,ARTHRITISR,IADLSUM}> => <{DEAD}>"
"481","LOWERSUM;HEARTR;IADLSUM",NA,"DEAD",NA,0.0126022913256956,0.347786811201445,1.0030102031723,"<{LOWERSUM,HEARTR,IADLSUM}> => <{DEAD}>"
"482","LOWERSUM;HYPERR;IADLSUM",NA,"DEAD",NA,0.0153191489361702,0.259279778393352,0.747757691864146,"<{LOWERSUM,HYPERR,IADLSUM}> => <{DEAD}>"
"483","HEARTR","LOWERSUM","DEAD",NA,0.0117839607201309,0.254237288135593,0.733215250877218,"<{HEARTR},{LOWERSUM}> => <{DEAD}>"
"484","HYPERR","LOWERSUM","DEAD",NA,0.0160392798690671,0.153077163386442,0.44147147564012,"<{HYPERR},{LOWERSUM}> => <{DEAD}>"
"485","STROKER","LOWERSUM","DEAD",NA,0.0105728314238953,0.307619047619048,0.887167176886803,"<{STROKER},{LOWERSUM}> => <{DEAD}>"
"486","STRONGSUM","LOWERSUM","DEAD",NA,0.0110310965630115,0.129665255867641,0.373952002903469,"<{STRONGSUM},{LOWERSUM}> => <{DEAD}>"
"487","UPPERSUM","LOWERSUM","DEAD",NA,0.0120458265139116,0.213333333333333,0.615249063847195,"<{UPPERSUM},{LOWERSUM}> => <{DEAD}>"
"488","ADLSUM;IADLSUM",NA,"DEAD",NA,0.0238625204582651,0.395550732501356,1.14076039629155,"<{ADLSUM,IADLSUM}> => <{DEAD}>"
"489","ARTHRITISR;IADLSUM",NA,"DEAD",NA,0.0205891980360065,0.245128604832424,0.706945990524927,"<{ARTHRITISR,IADLSUM}> => <{DEAD}>"
"490","CANCERR;IADLSUM",NA,"DEAD",NA,0.0115548281505728,0.440699126092385,1.27096745984351,"<{CANCERR,IADLSUM}> => <{DEAD}>"
"491","COPDR;IADLSUM",NA,"DEAD",NA,0.0113256955810147,0.385300668151448,1.11119941584317,"<{COPDR,IADLSUM}> => <{DEAD}>"
"492","DIABETESR;IADLSUM",NA,"DEAD",NA,0.0109001636661211,0.283645655877342,0.818028394888399,"<{DIABETESR,IADLSUM}> => <{DEAD}>"
"493","HEARTR;IADLSUM",NA,"DEAD",NA,0.0220294599018003,0.35646186440678,1.02802888300077,"<{HEARTR,IADLSUM}> => <{DEAD}>"
"494","HYPERR;IADLSUM",NA,"DEAD",NA,0.0235024549918167,0.275835574337303,0.795504276031777,"<{HYPERR,IADLSUM}> => <{DEAD}>"
"495","HEARTR;HYPERR;IADLSUM",NA,"DEAD",NA,0.010278232405892,0.340933767643865,0.98324616270368,"<{HEARTR,HYPERR,IADLSUM}> => <{DEAD}>"
"496","ARTHRITISR","IADLSUM","DEAD",NA,0.0196726677577741,0.244308943089431,0.704582102462203,"<{ARTHRITISR},{IADLSUM}> => <{DEAD}>"
"497","HEARTR","IADLSUM","DEAD",NA,0.0164648117839607,0.336680053547523,0.97097853638033,"<{HEARTR},{IADLSUM}> => <{DEAD}>"
"498","HYPERR","IADLSUM","DEAD",NA,0.0199345335515548,0.254279749478079,0.73333770853916,"<{HYPERR},{IADLSUM}> => <{DEAD}>"
"499","LOWERSUM","IADLSUM","DEAD",NA,0.0299509001636661,0.274527452745275,0.791731679540086,"<{LOWERSUM},{IADLSUM}> => <{DEAD}>"
"500","LOWERSUM;ARTHRITISR","IADLSUM","DEAD",NA,0.0104091653027823,0.214285714285714,0.617995711453655,"<{LOWERSUM,ARTHRITISR},{IADLSUM}> => <{DEAD}>"
"501","LOWERSUM;HYPERR","IADLSUM","DEAD",NA,0.0107692307692308,0.236690647482014,0.682611090397011,"<{LOWERSUM,HYPERR},{IADLSUM}> => <{DEAD}>"
"502","STROKER","IADLSUM","DEAD",NA,0.012176759410802,0.391167192429022,1.12811835445168,"<{STROKER},{IADLSUM}> => <{DEAD}>"
"503","STRONGSUM","IADLSUM","DEAD",NA,0.027986906710311,0.260036496350365,0.749940051307812,"<{STRONGSUM},{IADLSUM}> => <{DEAD}>"
"504","LOWERSUM;STRONGSUM","IADLSUM","DEAD",NA,0.0180032733224223,0.2414398595259,0.696307722884569,"<{LOWERSUM,STRONGSUM},{IADLSUM}> => <{DEAD}>"
"505","UPPERSUM","IADLSUM","DEAD",NA,0.0273649754500818,0.284063880394156,0.819234546024871,"<{UPPERSUM},{IADLSUM}> => <{DEAD}>"
"506","LOWERSUM;UPPERSUM","IADLSUM","DEAD",NA,0.0139770867430442,0.248689574839837,0.717215756759843,"<{LOWERSUM,UPPERSUM},{IADLSUM}> => <{DEAD}>"
"507","STRONGSUM;UPPERSUM","IADLSUM","DEAD",NA,0.013911620294599,0.242441528807758,0.699196517046824,"<{STRONGSUM,UPPERSUM},{IADLSUM}> => <{DEAD}>"
"508","LOWERSUM;STRONGSUM;UPPERSUM",NA,"DEAD",NA,0.0107364975450082,0.226989619377163,0.654633519491392,"<{LOWERSUM,STRONGSUM,UPPERSUM},{IADLSUM}> => <{DEAD}>"
"509","ARTHRITISR;HYPERR",NA,"DEAD",NA,0.0223895253682488,0.100014622020763,0.28844016829362,"<{ARTHRITISR,HYPERR}> => <{DEAD}>"
"510","CANCERR;HYPERR",NA,"DEAD",NA,0.0103436988543372,0.197253433208489,0.568874953697664,"<{CANCERR,HYPERR}> => <{DEAD}>"
"511","DIABETESR;HYPERR",NA,"DEAD",NA,0.0155155482815057,0.134125636672326,0.386815651877613,"<{DIABETESR,HYPERR}> => <{DEAD}>"
"512","HEARTR;HYPERR",NA,"DEAD",NA,0.0252700490998363,0.184424271380793,0.531875907739378,"<{HEARTR,HYPERR}> => <{DEAD}>"
"513","ARTHRITISR;HEARTR;HYPERR",NA,"DEAD",NA,0.0105073649754501,0.165038560411311,0.475967905273818,"<{ARTHRITISR,HEARTR,HYPERR}> => <{DEAD}>"
"514","ADLSUM;HEARTR",NA,"DEAD",NA,0.010278232405892,0.415343915343915,1.19784353948425,"<{ADLSUM,HEARTR}> => <{DEAD}>"
"515","ARTHRITISR;HEARTR",NA,"DEAD",NA,0.0181996726677578,0.171129578331794,0.493534279055633,"<{ARTHRITISR,HEARTR}> => <{DEAD}>"
"516","COPDR;HEARTR",NA,"DEAD",NA,0.0105728314238953,0.266281945589448,0.7679518019218,"<{COPDR,HEARTR}> => <{DEAD}>"
"517","DIABETESR;HEARTR",NA,"DEAD",NA,0.0120458265139116,0.228004956629492,0.657561731806946,"<{DIABETESR,HEARTR}> => <{DEAD}>"
"518","LOWERSUM","HEARTR","DEAD",NA,0.0124058919803601,0.228313253012048,0.658450852404236,"<{LOWERSUM},{HEARTR}> => <{DEAD}>"
"519","STRONGSUM","HEARTR","DEAD",NA,0.0111620294599018,0.21830985915493,0.629601264720391,"<{STRONGSUM},{HEARTR}> => <{DEAD}>"
"520","UPPERSUM","HEARTR","DEAD",NA,0.011620294599018,0.27328714395689,0.788154653816953,"<{UPPERSUM},{HEARTR}> => <{DEAD}>"
"521","ARTHRITISR;DIABETESR",NA,"DEAD",NA,0.0106055646481178,0.132678132678133,0.38264107932757,"<{ARTHRITISR,DIABETESR}> => <{DEAD}>"
"522","ADLSUM;ARTHRITISR",NA,"DEAD",NA,0.0107037643207856,0.305607476635514,0.881365846428297,"<{ADLSUM,ARTHRITISR}> => <{DEAD}>"
"523","HEARTR","ARTHRITISR","DEAD",NA,0.0104746317512275,0.232052211747643,0.669233934569102,"<{HEARTR},{ARTHRITISR}> => <{DEAD}>"
"524","HYPERR","ARTHRITISR","DEAD",NA,0.0141407528641571,0.156976744186047,0.452717788623027,"<{HYPERR},{ARTHRITISR}> => <{DEAD}>"
"525","IADLSUM","ARTHRITISR","DEAD",NA,0.0103436988543372,0.351501668520578,1.01372377733443,"<{IADLSUM},{ARTHRITISR}> => <{DEAD}>"
"526","LOWERSUM","ARTHRITISR","DEAD",NA,0.0181342062193126,0.166516381124136,0.480229910633659,"<{LOWERSUM},{ARTHRITISR}> => <{DEAD}>"
"527","STRONGSUM","ARTHRITISR","DEAD",NA,0.0173486088379705,0.1665095821552,0.480210302543316,"<{STRONGSUM},{ARTHRITISR}> => <{DEAD}>"
"528","LOWERSUM;STRONGSUM","ARTHRITISR","DEAD",NA,0.011620294599018,0.180845644421803,0.521555219209487,"<{LOWERSUM,STRONGSUM},{ARTHRITISR}> => <{DEAD}>"
"529","UPPERSUM","ARTHRITISR","DEAD",NA,0.0159410801963993,0.214160070360598,0.617633356888159,"<{UPPERSUM},{ARTHRITISR}> => <{DEAD}>"
"530","ARTHRITISR","ADLSUM","DEAD",NA,0.0136824877250409,0.389199255121043,1.12244286264022,"<{ARTHRITISR},{ADLSUM}> => <{DEAD}>"
"531","HEARTR","ADLSUM","DEAD",NA,0.0113911620294599,0.481994459833795,1.3900623759013,"<{HEARTR},{ADLSUM}> => <{DEAD}>"
"532","HYPERR","ADLSUM","DEAD",NA,0.012962356792144,0.392467789890981,1.13186925150283,"<{HYPERR},{ADLSUM}> => <{DEAD}>"
"533","IADLSUM","ADLSUM","DEAD",NA,0.0222258592471358,0.505208333333333,1.45701072248969,"<{IADLSUM},{ADLSUM}> => <{DEAD}>"
"534","LOWERSUM","ADLSUM","DEAD",NA,0.0183960720130933,0.413235294117647,1.19176231806798,"<{LOWERSUM},{ADLSUM}> => <{DEAD}>"
"535","STROKER","ADLSUM","DEAD",NA,0.0100818330605565,0.515912897822446,1.48788247224353,"<{STROKER},{ADLSUM}> => <{DEAD}>"
"536","STRONGSUM","ADLSUM","DEAD",NA,0.0184288052373159,0.418587360594796,1.20719757067601,"<{STRONGSUM},{ADLSUM}> => <{DEAD}>"
"537","LOWERSUM;STRONGSUM","ADLSUM","DEAD",NA,0.0128641571194763,0.3837890625,1.10683997539649,"<{LOWERSUM,STRONGSUM},{ADLSUM}> => <{DEAD}>"
"538","UPPERSUM","ADLSUM","DEAD",NA,0.0221931260229133,0.445173998686802,1.28387290284922,"<{UPPERSUM},{ADLSUM}> => <{DEAD}>"
"539","UPPERSUM;IADLSUM","ADLSUM","DEAD",NA,0.0108019639934534,0.526315789473684,1.51788420357038,"<{UPPERSUM,IADLSUM},{ADLSUM}> => <{DEAD}>"
"540","LOWERSUM;UPPERSUM","ADLSUM","DEAD",NA,0.0118821603927987,0.39672131147541,1.14413632262567,"<{LOWERSUM,UPPERSUM},{ADLSUM}> => <{DEAD}>"
"541","STRONGSUM;UPPERSUM","ADLSUM","DEAD",NA,0.0116530278232406,0.391639163916392,1.12947951077558,"<{STRONGSUM,UPPERSUM},{ADLSUM}> => <{DEAD}>"
"571","CANCERR",NA,"ARTHRITISR",NA,0.0216366612111293,0.100333940497875,0.144435108953448,"<{CANCERR}> => <{ARTHRITISR}>"
"574","HEARTR",NA,"ARTHRITISR",NA,0.045139116202946,0.118705345614186,0.170881552564008,"<{HEARTR}> => <{ARTHRITISR}>"
"575","HYPERR",NA,"ARTHRITISR",NA,0.0900818330605565,0.126890446329768,0.182664364120931,"<{HYPERR}> => <{ARTHRITISR}>"
"577","LOWERSUM",NA,"ARTHRITISR",NA,0.108903436988543,0.129123651323449,0.185879160679077,"<{LOWERSUM}> => <{ARTHRITISR}>"
"579","STROKER",NA,"ARTHRITISR",NA,0.0319148936170213,0.149976926626673,0.215898365302274,"<{STROKER}> => <{ARTHRITISR}>"
"580","STRONGSUM",NA,"ARTHRITISR",NA,0.104189852700491,0.125939700878373,0.181295724334855,"<{STRONGSUM}> => <{ARTHRITISR}>"
"581","UPPERSUM",NA,"ARTHRITISR",NA,0.0744353518821604,0.114248392282958,0.164465572719083,"<{UPPERSUM}> => <{ARTHRITISR}>"
"582","UPPERSUM;HEARTR",NA,"ARTHRITISR",NA,0.0169885433715221,0.141378371016072,0.203520367285882,"<{UPPERSUM,HEARTR}> => <{ARTHRITISR}>"
"583","UPPERSUM;HYPERR",NA,"ARTHRITISR",NA,0.0284451718494272,0.139285141849655,0.200507072071764,"<{UPPERSUM,HYPERR}> => <{ARTHRITISR}>"
"584","UPPERSUM;IADLSUM",NA,"ARTHRITISR",NA,0.0155482815057283,0.115684364344861,0.166532717497668,"<{UPPERSUM,IADLSUM}> => <{ARTHRITISR}>"
"585","LOWERSUM;UPPERSUM",NA,"ARTHRITISR",NA,0.0417675941080196,0.130217369119298,0.18745361542713,"<{LOWERSUM,UPPERSUM}> => <{ARTHRITISR}>"
"586","LOWERSUM;UPPERSUM;HEARTR",NA,"ARTHRITISR",NA,0.0110965630114566,0.130184331797235,0.187406056752687,"<{LOWERSUM,UPPERSUM,HEARTR}> => <{ARTHRITISR}>"
"587","LOWERSUM;UPPERSUM;HYPERR",NA,"ARTHRITISR",NA,0.020392798690671,0.128639273177782,0.185181877088929,"<{LOWERSUM,UPPERSUM,HYPERR}> => <{ARTHRITISR}>"
"588","LOWERSUM;UPPERSUM;IADLSUM",NA,"ARTHRITISR",NA,0.0109983633387889,0.126888217522659,0.182661155655321,"<{LOWERSUM,UPPERSUM,IADLSUM}> => <{ARTHRITISR}>"
"589","STROKER;UPPERSUM",NA,"ARTHRITISR",NA,0.013518821603928,0.172083333333333,0.247721507555053,"<{STROKER,UPPERSUM}> => <{ARTHRITISR}>"
"590","STROKER;UPPERSUM;HEARTR",NA,"ARTHRITISR",NA,0.0115875613747954,0.219875776397516,0.316520825979837,"<{STROKER,UPPERSUM,HEARTR}> => <{ARTHRITISR}>"
"591","STRONGSUM;UPPERSUM",NA,"ARTHRITISR",NA,0.0426513911620295,0.125445268123616,0.180583966693831,"<{STRONGSUM,UPPERSUM}> => <{ARTHRITISR}>"
"592","STRONGSUM;UPPERSUM;HEARTR",NA,"ARTHRITISR",NA,0.0110310965630115,0.126834776063229,0.182584224330019,"<{STRONGSUM,UPPERSUM,HEARTR}> => <{ARTHRITISR}>"
"593","STRONGSUM;UPPERSUM;HYPERR",NA,"ARTHRITISR",NA,0.0198363338788871,0.124053224155578,0.178580058333471,"<{STRONGSUM,UPPERSUM,HYPERR}> => <{ARTHRITISR}>"
"594","STRONGSUM;UPPERSUM;IADLSUM",NA,"ARTHRITISR",NA,0.0104091653027823,0.11804008908686,0.169923886608405,"<{STRONGSUM,UPPERSUM,IADLSUM}> => <{ARTHRITISR}>"
"595","LOWERSUM;STRONGSUM;UPPERSUM",NA,"ARTHRITISR",NA,0.0330932896890344,0.123187522846351,0.177333843320894,"<{LOWERSUM,STRONGSUM,UPPERSUM}> => <{ARTHRITISR}>"
"596","STRONGSUM;DIABETESR",NA,"ARTHRITISR",NA,0.011620294599018,0.112270714737508,0.161618619132545,"<{STRONGSUM,DIABETESR}> => <{ARTHRITISR}>"
"597","STRONGSUM;HEARTR",NA,"ARTHRITISR",NA,0.019443535188216,0.138720224194302,0.199693848324188,"<{STRONGSUM,HEARTR}> => <{ARTHRITISR}>"
"598","STRONGSUM;HYPERR",NA,"ARTHRITISR",NA,0.0387234042553192,0.134005437245129,0.192906705675181,"<{STRONGSUM,HYPERR}> => <{ARTHRITISR}>"
"599","STRONGSUM;HEARTR;HYPERR",NA,"ARTHRITISR",NA,0.0113584288052373,0.136399371069182,0.196352878435752,"<{STRONGSUM,HEARTR,HYPERR}> => <{ARTHRITISR}>"
"600","STRONGSUM;IADLSUM",NA,"ARTHRITISR",NA,0.0139770867430442,0.11763085399449,0.169334774739972,"<{STRONGSUM,IADLSUM}> => <{ARTHRITISR}>"
"601","LOWERSUM;STRONGSUM",NA,"ARTHRITISR",NA,0.0642553191489362,0.127038571058763,0.182877596166488,"<{LOWERSUM,STRONGSUM}> => <{ARTHRITISR}>"
"602","LOWERSUM;STRONGSUM;HEARTR",NA,"ARTHRITISR",NA,0.0140425531914894,0.127224199288256,0.183144816146274,"<{LOWERSUM,STRONGSUM,HEARTR}> => <{ARTHRITISR}>"
"603","LOWERSUM;STRONGSUM;HYPERR",NA,"ARTHRITISR",NA,0.0289034369885434,0.126196941546377,0.181666033561484,"<{LOWERSUM,STRONGSUM,HYPERR}> => <{ARTHRITISR}>"
"604","LOWERSUM;STRONGSUM;IADLSUM",NA,"ARTHRITISR",NA,0.0113256955810147,0.119640387275242,0.172227586054973,"<{LOWERSUM,STRONGSUM,IADLSUM}> => <{ARTHRITISR}>"
"605","PSYCHR;STRONGSUM",NA,"ARTHRITISR",NA,0.0112602291325696,0.109449570474069,0.157557458202941,"<{PSYCHR,STRONGSUM}> => <{ARTHRITISR}>"
"606","STROKER;STRONGSUM",NA,"ARTHRITISR",NA,0.0136497545008183,0.168621107966033,0.242737482252489,"<{STROKER,STRONGSUM}> => <{ARTHRITISR}>"
"607","STROKER;STRONGSUM;HEARTR",NA,"ARTHRITISR",NA,0.0114238952536825,0.207738095238095,0.299048101476007,"<{STROKER,STRONGSUM,HEARTR}> => <{ARTHRITISR}>"
"608","LOWERSUM;STROKER;STRONGSUM",NA,"ARTHRITISR",NA,0.0100163666121113,0.161904761904762,0.23306900745408,"<{LOWERSUM,STROKER,STRONGSUM}> => <{ARTHRITISR}>"
"610","STROKER;HEARTR",NA,"ARTHRITISR",NA,0.025139116202946,0.23725671918443,0.341541455616075,"<{STROKER,HEARTR}> => <{ARTHRITISR}>"
"611","STROKER;HYPERR",NA,"ARTHRITISR",NA,0.0159083469721768,0.197400487408611,0.284166661499061,"<{STROKER,HYPERR}> => <{ARTHRITISR}>"
"612","STROKER;HEARTR;HYPERR",NA,"ARTHRITISR",NA,0.0134860883797054,0.237054085155351,0.341249755041748,"<{STROKER,HEARTR,HYPERR}> => <{ARTHRITISR}>"
"613","LOWERSUM;STROKER",NA,"ARTHRITISR",NA,0.0141080196399345,0.175132060138155,0.252110283536926,"<{LOWERSUM,STROKER}> => <{ARTHRITISR}>"
"614","LOWERSUM;STROKER;HEARTR",NA,"ARTHRITISR",NA,0.0111620294599018,0.206541490006057,0.297325535749931,"<{LOWERSUM,STROKER,HEARTR}> => <{ARTHRITISR}>"
"615","LOWERSUM;PSYCHR",NA,"ARTHRITISR",NA,0.0116857610474632,0.110869565217391,0.159601602930511,"<{LOWERSUM,PSYCHR}> => <{ARTHRITISR}>"
"616","LOWERSUM;DIABETESR",NA,"ARTHRITISR",NA,0.0130932896890344,0.11983223487118,0.172503759085598,"<{LOWERSUM,DIABETESR}> => <{ARTHRITISR}>"
"617","LOWERSUM;HEARTR",NA,"ARTHRITISR",NA,0.0198036006546645,0.137406313876902,0.197802416781612,"<{LOWERSUM,HEARTR}> => <{ARTHRITISR}>"
"618","LOWERSUM;HYPERR",NA,"ARTHRITISR",NA,0.0414729950900164,0.136119467125054,0.195949944428913,"<{LOWERSUM,HYPERR}> => <{ARTHRITISR}>"
"619","LOWERSUM;HEARTR;HYPERR",NA,"ARTHRITISR",NA,0.0116530278232406,0.134441087613293,0.193533843491947,"<{LOWERSUM,HEARTR,HYPERR}> => <{ARTHRITISR}>"
"620","LOWERSUM;IADLSUM",NA,"ARTHRITISR",NA,0.0145662847790507,0.123439667128988,0.177696816077211,"<{LOWERSUM,IADLSUM}> => <{ARTHRITISR}>"
"621","HYPERR","LOWERSUM","ARTHRITISR",NA,0.0105400981996727,0.10059356451109,0.144808849110065,"<{HYPERR},{LOWERSUM}> => <{ARTHRITISR}>"
"622","HYPERR;IADLSUM",NA,"ARTHRITISR",NA,0.0100490998363339,0.117940837495198,0.169781009588083,"<{HYPERR,IADLSUM}> => <{ARTHRITISR}>"
"623","DIABETESR;HYPERR",NA,"ARTHRITISR",NA,0.01430441898527,0.123655913978495,0.178008112903732,"<{DIABETESR,HYPERR}> => <{ARTHRITISR}>"
"624","HEARTR;HYPERR",NA,"ARTHRITISR",NA,0.0204582651391162,0.149307214524606,0.214934285351367,"<{HEARTR,HYPERR}> => <{ARTHRITISR}>"
"630","IADLSUM",NA,"ADLSUM",NA,0.0439934533551555,0.112186978297162,0.681916471742598,"<{IADLSUM}> => <{ADLSUM}>"
"637","UPPERSUM;HEARTR",NA,"ADLSUM",NA,0.0129950900163666,0.108144919640425,0.65734725328591,"<{UPPERSUM,HEARTR}> => <{ADLSUM}>"
"639","UPPERSUM;ARTHRITISR;HYPERR",NA,"ADLSUM",NA,0.0123404255319149,0.110395314787701,0.671026037955487,"<{UPPERSUM,ARTHRITISR,HYPERR}> => <{ADLSUM}>"
"640","UPPERSUM;IADLSUM",NA,"ADLSUM",NA,0.0205237315875614,0.152703360935217,0.928190942413623,"<{UPPERSUM,IADLSUM}> => <{ADLSUM}>"
"642","LOWERSUM;UPPERSUM;ARTHRITISR",NA,"ADLSUM",NA,0.0174468085106383,0.100870552611658,0.613130796316384,"<{LOWERSUM,UPPERSUM,ARTHRITISR}> => <{ADLSUM}>"
"643","LOWERSUM;UPPERSUM;HEARTR",NA,"ADLSUM",NA,0.0100490998363339,0.1178955453149,0.716615381888221,"<{LOWERSUM,UPPERSUM,HEARTR}> => <{ADLSUM}>"
"644","LOWERSUM;UPPERSUM;HYPERR",NA,"ADLSUM",NA,0.0167266775777414,0.105513111707619,0.641350092054868,"<{LOWERSUM,UPPERSUM,HYPERR}> => <{ADLSUM}>"
"645","LOWERSUM;UPPERSUM;IADLSUM",NA,"ADLSUM",NA,0.0140752864157119,0.16238670694864,0.987050118838235,"<{LOWERSUM,UPPERSUM,IADLSUM}> => <{ADLSUM}>"
"646","STROKER;UPPERSUM",NA,"ADLSUM",NA,0.0116857610474632,0.14875,0.904160863509749,"<{STROKER,UPPERSUM}> => <{ADLSUM}>"
"649","STRONGSUM;UPPERSUM;HYPERR",NA,"ADLSUM",NA,0.0160720130932897,0.100511770726714,0.610949979248135,"<{STRONGSUM,UPPERSUM,HYPERR}> => <{ADLSUM}>"
"650","STRONGSUM;UPPERSUM;IADLSUM",NA,"ADLSUM",NA,0.0137479541734861,0.155902004454343,0.947633552741778,"<{STRONGSUM,UPPERSUM,IADLSUM}> => <{ADLSUM}>"
"656","STRONGSUM;IADLSUM",NA,"ADLSUM",NA,0.0162684124386252,0.136914600550964,0.832220661924384,"<{STRONGSUM,IADLSUM}> => <{ADLSUM}>"
"661","LOWERSUM;STRONGSUM;IADLSUM",NA,"ADLSUM",NA,0.0138461538461538,0.146265560165975,0.889059463404405,"<{LOWERSUM,STRONGSUM,IADLSUM}> => <{ADLSUM}>"
"662","STROKER;HEARTR",NA,"ADLSUM",NA,0.0112602291325696,0.106271238801359,0.645958285989161,"<{STROKER,HEARTR}> => <{ADLSUM}>"
"663","LOWERSUM;STROKER",NA,"ADLSUM",NA,0.0107692307692308,0.133685493701747,0.812592883523354,"<{LOWERSUM,STROKER}> => <{ADLSUM}>"
"668","LOWERSUM;IADLSUM",NA,"ADLSUM",NA,0.0167921440261866,0.142302357836338,0.864969564643879,"<{LOWERSUM,IADLSUM}> => <{ADLSUM}>"
"669","ARTHRITISR;IADLSUM",NA,"ADLSUM",NA,0.012176759410802,0.144972720187062,0.881201074754224,"<{ARTHRITISR,IADLSUM}> => <{ADLSUM}>"
"670","HYPERR;IADLSUM",NA,"ADLSUM",NA,0.0119803600654664,0.140606991932386,0.854664465486348,"<{HYPERR,IADLSUM}> => <{ADLSUM}>"
